latitude,longitude,year,month,rainfall_mm
15.0,74.5,2023,1,0.01
15.0,74.5,2023,2,0.0
15.0,74.5,2023,3,0.38
15.0,74.5,2023,4,11.47
15.0,74.5,2023,5,76.69
15.0,74.5,2023,6,457.06
15.0,74.5,2023,7,1269.46
15.0,74.5,2023,8,161.24
15.0,74.5,2023,9,371.83
15.0,74.5,2023,10,31.43
15.0,74.5,2023,11,62.01
15.0,74.5,2023,12,0.97
15.0,74.5,2024,1,28.18
15.0,74.5,2024,2,0.0
15.0,74.5,2024,3,1.25
15.0,74.5,2024,4,29.610000000000003
15.0,74.5,2024,5,94.13
15.0,74.5,2024,6,756.53
15.0,74.5,2024,7,1560.05
15.0,74.5,2024,8,633.48
15.0,74.5,2024,9,380.36
15.0,74.5,2024,10,316.19
15.0,74.5,2024,11,23.119999999999997
15.0,74.5,2024,12,30.05
15.0,74.75,2024,1,28.07
15.0,74.75,2024,2,0.0
15.0,74.75,2024,3,0.59
15.0,74.75,2024,4,51.44
15.0,74.75,2024,5,85.36
15.0,74.75,2024,6,368.42
15.0,74.75,2024,7,624.58
15.0,74.75,2024,8,318.01
15.0,74.75,2024,9,235.82
15.0,74.75,2024,10,240.21
15.0,74.75,2024,11,9.129999999999999
15.0,74.75,2024,12,24.05
15.0,75.0,2024,1,28.07
15.0,75.0,2024,2,0.0
15.0,75.0,2024,3,0.59
15.0,75.0,2024,4,51.44
15.0,75.0,2024,5,85.36
15.0,75.0,2024,6,368.42
15.0,75.0,2024,7,624.58
15.0,75.0,2024,8,318.01
15.0,75.0,2024,9,235.82
15.0,75.0,2024,10,240.21
15.0,75.0,2024,11,9.129999999999999
15.0,75.0,2024,12,24.05
15.0,75.25,2024,1,28.07
15.0,75.25,2024,2,0.0
15.0,75.25,2024,3,0.59
15.0,75.25,2024,4,51.44
15.0,75.25,2024,5,85.36
15.0,75.25,2024,6,368.42
15.0,75.25,2024,7,624.58
15.0,75.25,2024,8,318.01
15.0,75.25,2024,9,235.82
15.0,75.25,2024,10,240.21
15.0,75.25,2024,11,9.129999999999999
15.0,75.25,2024,12,24.05
15.0,75.5,2023,1,0.01
15.0,75.5,2023,2,0.0
15.0,75.5,2023,3,0.4
15.0,75.5,2023,4,26.04
15.0,75.5,2023,5,60.03
15.0,75.5,2023,6,52.949999999999996
15.0,75.5,2023,7,215.26
15.0,75.5,2023,8,71.39
15.0,75.5,2023,9,142.62
15.0,75.5,2023,10,7.15
15.0,75.5,2023,11,62.32
15.0,75.5,2023,12,1.7800000000000002
15.0,75.5,2024,1,19.34
15.0,75.5,2024,2,0.0
15.0,75.5,2024,3,0.78
15.0,75.5,2024,4,47.19
15.0,75.5,2024,5,98.87
15.0,75.5,2024,6,176.84
15.0,75.5,2024,7,208.76
15.0,75.5,2024,8,184.19
15.0,75.5,2024,9,146.08
15.0,75.5,2024,10,212.87
15.0,75.5,2024,11,6.54
15.0,75.5,2024,12,22.14
15.0,75.75,2023,1,0.01
15.0,75.75,2023,2,0.0
15.0,75.75,2023,3,0.4
15.0,75.75,2023,4,26.04
15.0,75.75,2023,5,60.03
15.0,75.75,2023,6,52.949999999999996
15.0,75.75,2023,7,215.26
15.0,75.75,2023,8,71.39
15.0,75.75,2023,9,142.62
15.0,75.75,2023,10,7.15
15.0,75.75,2023,11,62.32
15.0,75.75,2023,12,1.7800000000000002
15.0,75.75,2024,1,19.34
15.0,75.75,2024,2,0.0
15.0,75.75,2024,3,0.78
15.0,75.75,2024,4,47.19
15.0,75.75,2024,5,98.87
15.0,75.75,2024,6,176.84
15.0,75.75,2024,7,208.76
15.0,75.75,2024,8,184.19
15.0,75.75,2024,9,146.08
15.0,75.75,2024,10,212.87
15.0,75.75,2024,11,6.54
15.0,75.75,2024,12,22.14
15.0,76.0,2023,1,0.01
15.0,76.0,2023,2,0.0
15.0,76.0,2023,3,2.0
15.0,76.0,2023,4,38.620000000000005
15.0,76.0,2023,5,56.05
15.0,76.0,2023,6,27.490000000000002
15.0,76.0,2023,7,128.96
15.0,76.0,2023,8,47.7
15.0,76.0,2023,9,102.34
15.0,76.0,2023,10,2.59
15.0,76.0,2023,11,59.01
15.0,76.0,2023,12,4.1
15.0,76.0,2024,1,8.6
15.0,76.0,2024,2,0.0
15.0,76.0,2024,3,0.54
15.0,76.0,2024,4,28.77
15.0,76.0,2024,5,111.27000000000001
15.0,76.0,2024,6,118.28999999999999
15.0,76.0,2024,7,91.03
15.0,76.0,2024,8,165.76
15.0,76.0,2024,9,102.2
15.0,76.0,2024,10,201.48
15.0,76.0,2024,11,5.98
15.0,76.0,2024,12,20.53
15.25,74.5,2023,1,0.02
15.25,74.5,2023,2,0.0
15.25,74.5,2023,3,0.01
15.25,74.5,2023,4,11.82
15.25,74.5,2023,5,39.68
15.25,74.5,2023,6,289.62
15.25,74.5,2023,7,886.22
15.25,74.5,2023,8,138.78
15.25,74.5,2023,9,326.02
15.25,74.5,2023,10,40.230000000000004
15.25,74.5,2023,11,42.01
15.25,74.5,2023,12,0.39
15.25,74.5,2024,1,9.23
15.25,74.5,2024,2,0.0
15.25,74.5,2024,3,0.33999999999999997
15.25,74.5,2024,4,69.04
15.25,74.5,2024,5,82.06
15.25,74.5,2024,6,488.72
15.25,74.5,2024,7,1118.44
15.25,74.5,2024,8,456.56
15.25,74.5,2024,9,283.06
15.25,74.5,2024,10,382.02
15.25,74.5,2024,11,12.620000000000001
15.25,74.5,2024,12,14.73
15.25,74.75,2023,1,0.02
15.25,74.75,2023,2,0.0
15.25,74.75,2023,3,0.02
15.25,74.75,2023,4,19.75
15.25,74.75,2023,5,48.769999999999996
15.25,74.75,2023,6,97.81
15.25,74.75,2023,7,387.0
15.25,74.75,2023,8,86.48
15.25,74.75,2023,9,183.95
15.25,74.75,2023,10,19.05
15.25,74.75,2023,11,43.37
15.25,74.75,2023,12,0.73
15.25,74.75,2024,1,9.040000000000001
15.25,74.75,2024,2,0.0
15.25,74.75,2024,3,0.75
15.25,74.75,2024,4,54.23
15.25,74.75,2024,5,79.48
15.25,74.75,2024,6,248.06
15.25,74.75,2024,7,465.61
15.25,74.75,2024,8,224.43
15.25,74.75,2024,9,206.9
15.25,74.75,2024,10,249.45
15.25,74.75,2024,11,5.640000000000001
15.25,74.75,2024,12,15.86
15.25,75.0,2023,1,0.02
15.25,75.0,2023,2,0.0
15.25,75.0,2023,3,0.02
15.25,75.0,2023,4,19.75
15.25,75.0,2023,5,48.769999999999996
15.25,75.0,2023,6,97.81
15.25,75.0,2023,7,387.0
15.25,75.0,2023,8,86.48
15.25,75.0,2023,9,183.95
15.25,75.0,2023,10,19.05
15.25,75.0,2023,11,43.37
15.25,75.0,2023,12,0.73
15.25,75.0,2024,1,9.040000000000001
15.25,75.0,2024,2,0.0
15.25,75.0,2024,3,0.75
15.25,75.0,2024,4,54.23
15.25,75.0,2024,5,79.48
15.25,75.0,2024,6,248.06
15.25,75.0,2024,7,465.61
15.25,75.0,2024,8,224.43
15.25,75.0,2024,9,206.9
15.25,75.0,2024,10,249.45
15.25,75.0,2024,11,5.640000000000001
15.25,75.0,2024,12,15.86
15.25,75.25,2023,1,0.02
15.25,75.25,2023,2,0.0
15.25,75.25,2023,3,0.02
15.25,75.25,2023,4,19.75
15.25,75.25,2023,5,48.769999999999996
15.25,75.25,2023,6,97.81
15.25,75.25,2023,7,387.0
15.25,75.25,2023,8,86.48
15.25,75.25,2023,9,183.95
15.25,75.25,2023,10,19.05
15.25,75.25,2023,11,43.37
15.25,75.25,2023,12,0.73
15.25,75.25,2024,1,9.040000000000001
15.25,75.25,2024,2,0.0
15.25,75.25,2024,3,0.75
15.25,75.25,2024,4,54.23
15.25,75.25,2024,5,79.48
15.25,75.25,2024,6,248.06
15.25,75.25,2024,7,465.61
15.25,75.25,2024,8,224.43
15.25,75.25,2024,9,206.9
15.25,75.25,2024,10,249.45
15.25,75.25,2024,11,5.640000000000001
15.25,75.25,2024,12,15.86
15.25,75.5,2023,1,0.01
15.25,75.5,2023,2,0.0
15.25,75.5,2023,3,0.63
15.25,75.5,2023,4,32.68
15.25,75.5,2023,5,53.76
15.25,75.5,2023,6,29.48
15.25,75.5,2023,7,175.64
15.25,75.5,2023,8,73.97999999999999
15.25,75.5,2023,9,119.56
15.25,75.5,2023,10,8.1
15.25,75.5,2023,11,47.35
15.25,75.5,2023,12,1.3
15.25,75.5,2024,1,6.0600000000000005
15.25,75.5,2024,2,0.0
15.25,75.5,2024,3,0.93
15.25,75.5,2024,4,47.5
15.25,75.5,2024,5,76.28
15.25,75.5,2024,6,149.23000000000002
15.25,75.5,2024,7,156.29
15.25,75.5,2024,8,132.6
15.25,75.5,2024,9,148.3
15.25,75.5,2024,10,200.0
15.25,75.5,2024,11,4.02
15.25,75.5,2024,12,15.11
15.25,75.75,2023,1,0.01
15.25,75.75,2023,2,0.0
15.25,75.75,2023,3,0.63
15.25,75.75,2023,4,32.68
15.25,75.75,2023,5,53.76
15.25,75.75,2023,6,29.48
15.25,75.75,2023,7,175.64
15.25,75.75,2023,8,73.97999999999999
15.25,75.75,2023,9,119.56
15.25,75.75,2023,10,8.1
15.25,75.75,2023,11,47.35
15.25,75.75,2023,12,1.3
15.25,75.75,2024,1,6.0600000000000005
15.25,75.75,2024,2,0.0
15.25,75.75,2024,3,0.93
15.25,75.75,2024,4,47.5
15.25,75.75,2024,5,76.28
15.25,75.75,2024,6,149.23000000000002
15.25,75.75,2024,7,156.29
15.25,75.75,2024,8,132.6
15.25,75.75,2024,9,148.3
15.25,75.75,2024,10,200.0
15.25,75.75,2024,11,4.02
15.25,75.75,2024,12,15.11
15.25,76.0,2023,1,0.0
15.25,76.0,2023,2,0.0
15.25,76.0,2023,3,2.81
15.25,76.0,2023,4,55.58
15.25,76.0,2023,5,56.230000000000004
15.25,76.0,2023,6,22.79
15.25,76.0,2023,7,130.2
15.25,76.0,2023,8,57.65
15.25,76.0,2023,9,90.95
15.25,76.0,2023,10,3.58
15.25,76.0,2023,11,45.269999999999996
15.25,76.0,2023,12,2.9
15.25,76.0,2024,1,2.7
15.25,76.0,2024,2,0.0
15.25,76.0,2024,3,0.64
15.25,76.0,2024,4,31.3
15.25,76.0,2024,5,88.68
15.25,76.0,2024,6,123.77
15.25,76.0,2024,7,80.41
15.25,76.0,2024,8,133.9
15.25,76.0,2024,9,111.31
15.25,76.0,2024,10,176.04
15.25,76.0,2024,11,3.93
15.25,76.0,2024,12,14.27
15.5,74.5,2023,1,0.02
15.5,74.5,2023,2,0.0
15.5,74.5,2023,3,0.01
15.5,74.5,2023,4,11.82
15.5,74.5,2023,5,39.68
15.5,74.5,2023,6,289.62
15.5,74.5,2023,7,886.22
15.5,74.5,2023,8,138.78
15.5,74.5,2023,9,326.02
15.5,74.5,2023,10,40.230000000000004
15.5,74.5,2023,11,42.01
15.5,74.5,2023,12,0.39
15.5,74.5,2024,1,9.23
15.5,74.5,2024,2,0.0
15.5,74.5,2024,3,0.33999999999999997
15.5,74.5,2024,4,69.04
15.5,74.5,2024,5,82.06
15.5,74.5,2024,6,488.72
15.5,74.5,2024,7,1118.44
15.5,74.5,2024,8,456.56
15.5,74.5,2024,9,283.06
15.5,74.5,2024,10,382.02
15.5,74.5,2024,11,12.620000000000001
15.5,74.5,2024,12,14.73
15.5,74.75,2023,1,0.02
15.5,74.75,2023,2,0.0
15.5,74.75,2023,3,0.02
15.5,74.75,2023,4,19.75
15.5,74.75,2023,5,48.769999999999996
15.5,74.75,2023,6,97.81
15.5,74.75,2023,7,387.0
15.5,74.75,2023,8,86.48
15.5,74.75,2023,9,183.95
15.5,74.75,2023,10,19.05
15.5,74.75,2023,11,43.37
15.5,74.75,2023,12,0.73
15.5,74.75,2024,1,9.040000000000001
15.5,74.75,2024,2,0.0
15.5,74.75,2024,3,0.75
15.5,74.75,2024,4,54.23
15.5,74.75,2024,5,79.48
15.5,74.75,2024,6,248.06
15.5,74.75,2024,7,465.61
15.5,74.75,2024,8,224.43
15.5,74.75,2024,9,206.9
15.5,74.75,2024,10,249.45
15.5,74.75,2024,11,5.640000000000001
15.5,74.75,2024,12,15.86
15.5,75.0,2023,1,0.02
15.5,75.0,2023,2,0.0
15.5,75.0,2023,3,0.02
15.5,75.0,2023,4,19.75
15.5,75.0,2023,5,48.769999999999996
15.5,75.0,2023,6,97.81
15.5,75.0,2023,7,387.0
15.5,75.0,2023,8,86.48
15.5,75.0,2023,9,183.95
15.5,75.0,2023,10,19.05
15.5,75.0,2023,11,43.37
15.5,75.0,2023,12,0.73
15.5,75.0,2024,1,9.040000000000001
15.5,75.0,2024,2,0.0
15.5,75.0,2024,3,0.75
15.5,75.0,2024,4,54.23
15.5,75.0,2024,5,79.48
15.5,75.0,2024,6,248.06
15.5,75.0,2024,7,465.61
15.5,75.0,2024,8,224.43
15.5,75.0,2024,9,206.9
15.5,75.0,2024,10,249.45
15.5,75.0,2024,11,5.640000000000001
15.5,75.0,2024,12,15.86
15.5,75.25,2023,1,0.02
15.5,75.25,2023,2,0.0
15.5,75.25,2023,3,0.02
15.5,75.25,2023,4,19.75
15.5,75.25,2023,5,48.769999999999996
15.5,75.25,2023,6,97.81
15.5,75.25,2023,7,387.0
15.5,75.25,2023,8,86.48
15.5,75.25,2023,9,183.95
15.5,75.25,2023,10,19.05
15.5,75.25,2023,11,43.37
15.5,75.25,2023,12,0.73
15.5,75.25,2024,1,9.040000000000001
15.5,75.25,2024,2,0.0
15.5,75.25,2024,3,0.75
15.5,75.25,2024,4,54.23
15.5,75.25,2024,5,79.48
15.5,75.25,2024,6,248.06
15.5,75.25,2024,7,465.61
15.5,75.25,2024,8,224.43
15.5,75.25,2024,9,206.9
15.5,75.25,2024,10,249.45
15.5,75.25,2024,11,5.640000000000001
15.5,75.25,2024,12,15.86
15.5,75.5,2023,1,0.01
15.5,75.5,2023,2,0.0
15.5,75.5,2023,3,0.63
15.5,75.5,2023,4,32.68
15.5,75.5,2023,5,53.76
15.5,75.5,2023,6,29.48
15.5,75.5,2023,7,175.64
15.5,75.5,2023,8,73.97999999999999
15.5,75.5,2023,9,119.56
15.5,75.5,2023,10,8.1
15.5,75.5,2023,11,47.35
15.5,75.5,2023,12,1.3
15.5,75.5,2024,1,6.0600000000000005
15.5,75.5,2024,2,0.0
15.5,75.5,2024,3,0.93
15.5,75.5,2024,4,47.5
15.5,75.5,2024,5,76.28
15.5,75.5,2024,6,149.23000000000002
15.5,75.5,2024,7,156.29
15.5,75.5,2024,8,132.6
15.5,75.5,2024,9,148.3
15.5,75.5,2024,10,200.0
15.5,75.5,2024,11,4.02
15.5,75.5,2024,12,15.11
15.5,75.75,2023,1,0.01
15.5,75.75,2023,2,0.0
15.5,75.75,2023,3,0.63
15.5,75.75,2023,4,32.68
15.5,75.75,2023,5,53.76
15.5,75.75,2023,6,29.48
15.5,75.75,2023,7,175.64
15.5,75.75,2023,8,73.97999999999999
15.5,75.75,2023,9,119.56
15.5,75.75,2023,10,8.1
15.5,75.75,2023,11,47.35
15.5,75.75,2023,12,1.3
15.5,75.75,2024,1,6.0600000000000005
15.5,75.75,2024,2,0.0
15.5,75.75,2024,3,0.93
15.5,75.75,2024,4,47.5
15.5,75.75,2024,5,76.28
15.5,75.75,2024,6,149.23000000000002
15.5,75.75,2024,7,156.29
15.5,75.75,2024,8,132.6
15.5,75.75,2024,9,148.3
15.5,75.75,2024,10,200.0
15.5,75.75,2024,11,4.02
15.5,75.75,2024,12,15.11
15.5,76.0,2023,1,0.0
15.5,76.0,2023,2,0.0
15.5,76.0,2023,3,2.81
15.5,76.0,2023,4,55.58
15.5,76.0,2023,5,56.230000000000004
15.5,76.0,2023,6,22.79
15.5,76.0,2023,7,130.2
15.5,76.0,2023,8,57.65
15.5,76.0,2023,9,90.95
15.5,76.0,2023,10,3.58
15.5,76.0,2023,11,45.269999999999996
15.5,76.0,2023,12,2.9
15.5,76.0,2024,1,2.7
15.5,76.0,2024,2,0.0
15.5,76.0,2024,3,0.64
15.5,76.0,2024,4,31.3
15.5,76.0,2024,5,88.68
15.5,76.0,2024,6,123.77
15.5,76.0,2024,7,80.41
15.5,76.0,2024,8,133.9
15.5,76.0,2024,9,111.31
15.5,76.0,2024,10,176.04
15.5,76.0,2024,11,3.93
15.5,76.0,2024,12,14.27
15.75,74.5,2023,1,0.02
15.75,74.5,2023,2,0.0
15.75,74.5,2023,3,0.05
15.75,74.5,2023,4,13.48
15.75,74.5,2023,5,36.75
15.75,74.5,2023,6,178.28
15.75,74.5,2023,7,734.96
15.75,74.5,2023,8,114.18
15.75,74.5,2023,9,245.54
15.75,74.5,2023,10,42.95
15.75,74.5,2023,11,33.79
15.75,74.5,2023,12,0.82
15.75,74.5,2024,1,3.1
15.75,74.5,2024,2,0.0
15.75,74.5,2024,3,0.25
15.75,74.5,2024,4,47.02
15.75,74.5,2024,5,76.7
15.75,74.5,2024,6,387.92
15.75,74.5,2024,7,1016.11
15.75,74.5,2024,8,383.44
15.75,74.5,2024,9,306.03
15.75,74.5,2024,10,341.90000000000003
15.75,74.5,2024,11,6.35
15.75,74.5,2024,12,8.83
15.75,74.75,2023,1,0.03
15.75,74.75,2023,2,0.0
15.75,74.75,2023,3,0.1
15.75,74.75,2023,4,21.560000000000002
15.75,74.75,2023,5,40.980000000000004
15.75,74.75,2023,6,51.27
15.75,74.75,2023,7,281.46
15.75,74.75,2023,8,61.91
15.75,74.75,2023,9,123.91
15.75,74.75,2023,10,20.61
15.75,74.75,2023,11,35.17
15.75,74.75,2023,12,1.6
15.75,74.75,2024,1,2.36
15.75,74.75,2024,2,0.0
15.75,74.75,2024,3,0.56
15.75,74.75,2024,4,33.88
15.75,74.75,2024,5,71.37
15.75,74.75,2024,6,186.82
15.75,74.75,2024,7,371.7
15.75,74.75,2024,8,170.95
15.75,74.75,2024,9,216.14
15.75,74.75,2024,10,210.88
15.75,74.75,2024,11,2.91
15.75,74.75,2024,12,9.93
15.75,75.0,2023,1,0.03
15.75,75.0,2023,2,0.0
15.75,75.0,2023,3,0.1
15.75,75.0,2023,4,21.560000000000002
15.75,75.0,2023,5,40.980000000000004
15.75,75.0,2023,6,51.27
15.75,75.0,2023,7,281.46
15.75,75.0,2023,8,61.91
15.75,75.0,2023,9,123.91
15.75,75.0,2023,10,20.61
15.75,75.0,2023,11,35.17
15.75,75.0,2023,12,1.6
15.75,75.0,2024,1,2.36
15.75,75.0,2024,2,0.0
15.75,75.0,2024,3,0.56
15.75,75.0,2024,4,33.88
15.75,75.0,2024,5,71.37
15.75,75.0,2024,6,186.82
15.75,75.0,2024,7,371.7
15.75,75.0,2024,8,170.95
15.75,75.0,2024,9,216.14
15.75,75.0,2024,10,210.88
15.75,75.0,2024,11,2.91
15.75,75.0,2024,12,9.93
15.75,75.25,2023,1,0.03
15.75,75.25,2023,2,0.0
15.75,75.25,2023,3,0.1
15.75,75.25,2023,4,21.560000000000002
15.75,75.25,2023,5,40.980000000000004
15.75,75.25,2023,6,51.27
15.75,75.25,2023,7,281.46
15.75,75.25,2023,8,61.91
15.75,75.25,2023,9,123.91
15.75,75.25,2023,10,20.61
15.75,75.25,2023,11,35.17
15.75,75.25,2023,12,1.6
15.75,75.25,2024,1,2.36
15.75,75.25,2024,2,0.0
15.75,75.25,2024,3,0.56
15.75,75.25,2024,4,33.88
15.75,75.25,2024,5,71.37
15.75,75.25,2024,6,186.82
15.75,75.25,2024,7,371.7
15.75,75.25,2024,8,170.95
15.75,75.25,2024,9,216.14
15.75,75.25,2024,10,210.88
15.75,75.25,2024,11,2.91
15.75,75.25,2024,12,9.93
15.75,75.5,2023,1,0.01
15.75,75.5,2023,2,0.0
15.75,75.5,2023,3,1.03
15.75,75.5,2023,4,39.75
15.75,75.5,2023,5,45.85
15.75,75.5,2023,6,19.77
15.75,75.5,2023,7,151.86
15.75,75.5,2023,8,57.04
15.75,75.5,2023,9,92.42999999999999
15.75,75.5,2023,10,13.02
15.75,75.5,2023,11,36.07
15.75,75.5,2023,12,1.43
15.75,75.5,2024,1,1.4100000000000001
15.75,75.5,2024,2,0.0
15.75,75.5,2024,3,0.68
15.75,75.5,2024,4,31.56
15.75,75.5,2024,5,63.29
15.75,75.5,2024,6,137.93
15.75,75.5,2024,7,142.39
15.75,75.5,2024,8,110.61
15.75,75.5,2024,9,150.89000000000001
15.75,75.5,2024,10,168.6
15.75,75.5,2024,11,2.11
15.75,75.5,2024,12,9.64
15.75,75.75,2023,1,0.01
15.75,75.75,2023,2,0.0
15.75,75.75,2023,3,1.03
15.75,75.75,2023,4,39.75
15.75,75.75,2023,5,45.85
15.75,75.75,2023,6,19.77
15.75,75.75,2023,7,151.86
15.75,75.75,2023,8,57.04
15.75,75.75,2023,9,92.42999999999999
15.75,75.75,2023,10,13.02
15.75,75.75,2023,11,36.07
15.75,75.75,2023,12,1.43
15.75,75.75,2024,1,1.4100000000000001
15.75,75.75,2024,2,0.0
15.75,75.75,2024,3,0.68
15.75,75.75,2024,4,31.56
15.75,75.75,2024,5,63.29
15.75,75.75,2024,6,137.93
15.75,75.75,2024,7,142.39
15.75,75.75,2024,8,110.61
15.75,75.75,2024,9,150.89000000000001
15.75,75.75,2024,10,168.6
15.75,75.75,2024,11,2.11
15.75,75.75,2024,12,9.64
15.75,76.0,2023,1,0.0
15.75,76.0,2023,2,0.0
15.75,76.0,2023,3,4.05
15.75,76.0,2023,4,71.86
15.75,76.0,2023,5,54.19
15.75,76.0,2023,6,18.19
15.75,76.0,2023,7,138.92
15.75,76.0,2023,8,47.32
15.75,76.0,2023,9,80.0
15.75,76.0,2023,10,7.9399999999999995
15.75,76.0,2023,11,33.35
15.75,76.0,2023,12,1.8199999999999998
15.75,76.0,2024,1,0.57
15.75,76.0,2024,2,0.0
15.75,76.0,2024,3,0.51
15.75,76.0,2024,4,24.64
15.75,76.0,2024,5,72.47
15.75,76.0,2024,6,135.26
15.75,76.0,2024,7,87.92
15.75,76.0,2024,8,117.04
15.75,76.0,2024,9,120.11
15.75,76.0,2024,10,143.68
15.75,76.0,2024,11,2.06
15.75,76.0,2024,12,9.16
16.0,74.5,2023,1,0.02
16.0,74.5,2023,2,0.0
16.0,74.5,2023,3,0.05
16.0,74.5,2023,4,13.48
16.0,74.5,2023,5,36.75
16.0,74.5,2023,6,178.28
16.0,74.5,2023,7,734.96
16.0,74.5,2023,8,114.18
16.0,74.5,2023,9,245.54
16.0,74.5,2023,10,42.95
16.0,74.5,2023,11,33.79
16.0,74.5,2023,12,0.82
16.0,74.5,2024,1,3.1
16.0,74.5,2024,2,0.0
16.0,74.5,2024,3,0.25
16.0,74.5,2024,4,47.02
16.0,74.5,2024,5,76.7
16.0,74.5,2024,6,387.92
16.0,74.5,2024,7,1016.11
16.0,74.5,2024,8,383.44
16.0,74.5,2024,9,306.03
16.0,74.5,2024,10,341.90000000000003
16.0,74.5,2024,11,6.35
16.0,74.5,2024,12,8.83
16.0,74.75,2023,1,0.03
16.0,74.75,2023,2,0.0
16.0,74.75,2023,3,0.1
16.0,74.75,2023,4,21.560000000000002
16.0,74.75,2023,5,40.980000000000004
16.0,74.75,2023,6,51.27
16.0,74.75,2023,7,281.46
16.0,74.75,2023,8,61.91
16.0,74.75,2023,9,123.91
16.0,74.75,2023,10,20.61
16.0,74.75,2023,11,35.17
16.0,74.75,2023,12,1.6
16.0,74.75,2024,1,2.36
16.0,74.75,2024,2,0.0
16.0,74.75,2024,3,0.56
16.0,74.75,2024,4,33.88
16.0,74.75,2024,5,71.37
16.0,74.75,2024,6,186.82
16.0,74.75,2024,7,371.7
16.0,74.75,2024,8,170.95
16.0,74.75,2024,9,216.14
16.0,74.75,2024,10,210.88
16.0,74.75,2024,11,2.91
16.0,74.75,2024,12,9.93
16.0,75.0,2023,1,0.03
16.0,75.0,2023,2,0.0
16.0,75.0,2023,3,0.1
16.0,75.0,2023,4,21.560000000000002
16.0,75.0,2023,5,40.980000000000004
16.0,75.0,2023,6,51.27
16.0,75.0,2023,7,281.46
16.0,75.0,2023,8,61.91
16.0,75.0,2023,9,123.91
16.0,75.0,2023,10,20.61
16.0,75.0,2023,11,35.17
16.0,75.0,2023,12,1.6
16.0,75.0,2024,1,2.36
16.0,75.0,2024,2,0.0
16.0,75.0,2024,3,0.56
16.0,75.0,2024,4,33.88
16.0,75.0,2024,5,71.37
16.0,75.0,2024,6,186.82
16.0,75.0,2024,7,371.7
16.0,75.0,2024,8,170.95
16.0,75.0,2024,9,216.14
16.0,75.0,2024,10,210.88
16.0,75.0,2024,11,2.91
16.0,75.0,2024,12,9.93
16.0,75.25,2023,1,0.03
16.0,75.25,2023,2,0.0
16.0,75.25,2023,3,0.1
16.0,75.25,2023,4,21.560000000000002
16.0,75.25,2023,5,40.980000000000004
16.0,75.25,2023,6,51.27
16.0,75.25,2023,7,281.46
16.0,75.25,2023,8,61.91
16.0,75.25,2023,9,123.91
16.0,75.25,2023,10,20.61
16.0,75.25,2023,11,35.17
16.0,75.25,2023,12,1.6
16.0,75.25,2024,1,2.36
16.0,75.25,2024,2,0.0
16.0,75.25,2024,3,0.56
16.0,75.25,2024,4,33.88
16.0,75.25,2024,5,71.37
16.0,75.25,2024,6,186.82
16.0,75.25,2024,7,371.7
16.0,75.25,2024,8,170.95
16.0,75.25,2024,9,216.14
16.0,75.25,2024,10,210.88
16.0,75.25,2024,11,2.91
16.0,75.25,2024,12,9.93
16.0,75.5,2023,1,0.01
16.0,75.5,2023,2,0.0
16.0,75.5,2023,3,1.03
16.0,75.5,2023,4,39.75
16.0,75.5,2023,5,45.85
16.0,75.5,2023,6,19.77
16.0,75.5,2023,7,151.86
16.0,75.5,2023,8,57.04
16.0,75.5,2023,9,92.42999999999999
16.0,75.5,2023,10,13.02
16.0,75.5,2023,11,36.07
16.0,75.5,2023,12,1.43
16.0,75.5,2024,1,1.4100000000000001
16.0,75.5,2024,2,0.0
16.0,75.5,2024,3,0.68
16.0,75.5,2024,4,31.56
16.0,75.5,2024,5,63.29
16.0,75.5,2024,6,137.93
16.0,75.5,2024,7,142.39
16.0,75.5,2024,8,110.61
16.0,75.5,2024,9,150.89000000000001
16.0,75.5,2024,10,168.6
16.0,75.5,2024,11,2.11
16.0,75.5,2024,12,9.64
16.0,75.75,2023,1,0.01
16.0,75.75,2023,2,0.0
16.0,75.75,2023,3,1.03
16.0,75.75,2023,4,39.75
16.0,75.75,2023,5,45.85
16.0,75.75,2023,6,19.77
16.0,75.75,2023,7,151.86
16.0,75.75,2023,8,57.04
16.0,75.75,2023,9,92.42999999999999
16.0,75.75,2023,10,13.02
16.0,75.75,2023,11,36.07
16.0,75.75,2023,12,1.43
16.0,75.75,2024,1,1.4100000000000001
16.0,75.75,2024,2,0.0
16.0,75.75,2024,3,0.68
16.0,75.75,2024,4,31.56
16.0,75.75,2024,5,63.29
16.0,75.75,2024,6,137.93
16.0,75.75,2024,7,142.39
16.0,75.75,2024,8,110.61
16.0,75.75,2024,9,150.89000000000001
16.0,75.75,2024,10,168.6
16.0,75.75,2024,11,2.11
16.0,75.75,2024,12,9.64
16.0,76.0,2023,1,0.0
16.0,76.0,2023,2,0.0
16.0,76.0,2023,3,4.05
16.0,76.0,2023,4,71.86
16.0,76.0,2023,5,54.19
16.0,76.0,2023,6,18.19
16.0,76.0,2023,7,138.92
16.0,76.0,2023,8,47.32
16.0,76.0,2023,9,80.0
16.0,76.0,2023,10,7.9399999999999995
16.0,76.0,2023,11,33.35
16.0,76.0,2023,12,1.8199999999999998
16.0,76.0,2024,1,0.57
16.0,76.0,2024,2,0.0
16.0,76.0,2024,3,0.51
16.0,76.0,2024,4,24.64
16.0,76.0,2024,5,72.47
16.0,76.0,2024,6,135.26
16.0,76.0,2024,7,87.92
16.0,76.0,2024,8,117.04
16.0,76.0,2024,9,120.11
16.0,76.0,2024,10,143.68
16.0,76.0,2024,11,2.06
16.0,76.0,2024,12,9.16
16.25,74.5,2023,1,0.01
16.25,74.5,2023,2,0.0
16.25,74.5,2023,3,0.64
16.25,74.5,2023,4,13.75
16.25,74.5,2023,5,30.34
16.25,74.5,2023,6,126.12
16.25,74.5,2023,7,590.11
16.25,74.5,2023,8,92.97
16.25,74.5,2023,9,197.48
16.25,74.5,2023,10,36.25
16.25,74.5,2023,11,37.629999999999995
16.25,74.5,2023,12,1.5
16.25,74.5,2024,1,2.36
16.25,74.5,2024,2,0.01
16.25,74.5,2024,3,0.19
16.25,74.5,2024,4,20.9
16.25,74.5,2024,5,59.370000000000005
16.25,74.5,2024,6,314.9
16.25,74.5,2024,7,860.76
16.25,74.5,2024,8,334.06
16.25,74.5,2024,9,253.17
16.25,74.5,2024,10,231.6
16.25,74.5,2024,11,4.16
16.25,74.5,2024,12,4.9
16.25,74.75,2023,1,0.01
16.25,74.75,2023,2,0.0
16.25,74.75,2023,3,0.5800000000000001
16.25,74.75,2023,4,22.310000000000002
16.25,74.75,2023,5,31.240000000000002
16.25,74.75,2023,6,42.5
16.25,74.75,2023,7,214.53
16.25,74.75,2023,8,44.14
16.25,74.75,2023,9,102.77
16.25,74.75,2023,10,21.49
16.25,74.75,2023,11,38.28
16.25,74.75,2023,12,2.41
16.25,74.75,2024,1,1.01
16.25,74.75,2024,2,0.02
16.25,74.75,2024,3,0.25
16.25,74.75,2024,4,16.090000000000003
16.25,74.75,2024,5,56.230000000000004
16.25,74.75,2024,6,169.64000000000001
16.25,74.75,2024,7,300.66
16.25,74.75,2024,8,152.06
16.25,74.75,2024,9,172.98
16.25,74.75,2024,10,158.41
16.25,74.75,2024,11,2.1
16.25,74.75,2024,12,5.26
16.25,75.0,2023,1,0.01
16.25,75.0,2023,2,0.0
16.25,75.0,2023,3,0.5800000000000001
16.25,75.0,2023,4,22.310000000000002
16.25,75.0,2023,5,31.240000000000002
16.25,75.0,2023,6,42.5
16.25,75.0,2023,7,214.53
16.25,75.0,2023,8,44.14
16.25,75.0,2023,9,102.77
16.25,75.0,2023,10,21.49
16.25,75.0,2023,11,38.28
16.25,75.0,2023,12,2.41
16.25,75.0,2024,1,1.01
16.25,75.0,2024,2,0.02
16.25,75.0,2024,3,0.25
16.25,75.0,2024,4,16.090000000000003
16.25,75.0,2024,5,56.230000000000004
16.25,75.0,2024,6,169.64000000000001
16.25,75.0,2024,7,300.66
16.25,75.0,2024,8,152.06
16.25,75.0,2024,9,172.98
16.25,75.0,2024,10,158.41
16.25,75.0,2024,11,2.1
16.25,75.0,2024,12,5.26
16.25,75.25,2023,1,0.01
16.25,75.25,2023,2,0.0
16.25,75.25,2023,3,0.5800000000000001
16.25,75.25,2023,4,22.310000000000002
16.25,75.25,2023,5,31.240000000000002
16.25,75.25,2023,6,42.5
16.25,75.25,2023,7,214.53
16.25,75.25,2023,8,44.14
16.25,75.25,2023,9,102.77
16.25,75.25,2023,10,21.49
16.25,75.25,2023,11,38.28
16.25,75.25,2023,12,2.41
16.25,75.25,2024,1,1.01
16.25,75.25,2024,2,0.02
16.25,75.25,2024,3,0.25
16.25,75.25,2024,4,16.090000000000003
16.25,75.25,2024,5,56.230000000000004
16.25,75.25,2024,6,169.64000000000001
16.25,75.25,2024,7,300.66
16.25,75.25,2024,8,152.06
16.25,75.25,2024,9,172.98
16.25,75.25,2024,10,158.41
16.25,75.25,2024,11,2.1
16.25,75.25,2024,12,5.26
16.25,75.5,2023,1,0.01
16.25,75.5,2023,2,0.0
16.25,75.5,2023,3,1.78
16.25,75.5,2023,4,44.79
16.25,75.5,2023,5,35.18
16.25,75.5,2023,6,22.36
16.25,75.5,2023,7,149.0
16.25,75.5,2023,8,37.72
16.25,75.5,2023,9,88.22
16.25,75.5,2023,10,19.73
16.25,75.5,2023,11,33.07
16.25,75.5,2023,12,1.5799999999999998
16.25,75.5,2024,1,0.54
16.25,75.5,2024,2,0.0
16.25,75.5,2024,3,0.32
16.25,75.5,2024,4,18.25
16.25,75.5,2024,5,50.74
16.25,75.5,2024,6,154.75
16.25,75.5,2024,7,143.49
16.25,75.5,2024,8,109.53
16.25,75.5,2024,9,141.12
16.25,75.5,2024,10,136.73
16.25,75.5,2024,11,1.25
16.25,75.5,2024,12,5.21
16.25,75.75,2023,1,0.01
16.25,75.75,2023,2,0.0
16.25,75.75,2023,3,1.78
16.25,75.75,2023,4,44.79
16.25,75.75,2023,5,35.18
16.25,75.75,2023,6,22.36
16.25,75.75,2023,7,149.0
16.25,75.75,2023,8,37.72
16.25,75.75,2023,9,88.22
16.25,75.75,2023,10,19.73
16.25,75.75,2023,11,33.07
16.25,75.75,2023,12,1.5799999999999998
16.25,75.75,2024,1,0.54
16.25,75.75,2024,2,0.0
16.25,75.75,2024,3,0.32
16.25,75.75,2024,4,18.25
16.25,75.75,2024,5,50.74
16.25,75.75,2024,6,154.75
16.25,75.75,2024,7,143.49
16.25,75.75,2024,8,109.53
16.25,75.75,2024,9,141.12
16.25,75.75,2024,10,136.73
16.25,75.75,2024,11,1.25
16.25,75.75,2024,12,5.21
16.25,76.0,2023,1,0.0
16.25,76.0,2023,2,0.0
16.25,76.0,2023,3,6.01
16.25,76.0,2023,4,83.22
16.25,76.0,2023,5,45.92
16.25,76.0,2023,6,18.37
16.25,76.0,2023,7,168.6
16.25,76.0,2023,8,32.02
16.25,76.0,2023,9,94.74
16.25,76.0,2023,10,14.23
16.25,76.0,2023,11,27.02
16.25,76.0,2023,12,1.08
16.25,76.0,2024,1,0.22999999999999998
16.25,76.0,2024,2,0.0
16.25,76.0,2024,3,0.51
16.25,76.0,2024,4,20.36
16.25,76.0,2024,5,56.6
16.25,76.0,2024,6,165.15
16.25,76.0,2024,7,109.59
16.25,76.0,2024,8,119.01
16.25,76.0,2024,9,143.54
16.25,76.0,2024,10,118.43
16.25,76.0,2024,11,1.02
16.25,76.0,2024,12,5.71
16.5,74.5,2023,1,0.01
16.5,74.5,2023,2,0.0
16.5,74.5,2023,3,0.64
16.5,74.5,2023,4,13.75
16.5,74.5,2023,5,30.34
16.5,74.5,2023,6,126.12
16.5,74.5,2023,7,590.11
16.5,74.5,2023,8,92.97
16.5,74.5,2023,9,197.48
16.5,74.5,2023,10,36.25
16.5,74.5,2023,11,37.629999999999995
16.5,74.5,2023,12,1.5
16.5,74.5,2024,1,2.36
16.5,74.5,2024,2,0.01
16.5,74.5,2024,3,0.19
16.5,74.5,2024,4,20.9
16.5,74.5,2024,5,59.370000000000005
16.5,74.5,2024,6,314.9
16.5,74.5,2024,7,860.76
16.5,74.5,2024,8,334.06
16.5,74.5,2024,9,253.17
16.5,74.5,2024,10,231.6
16.5,74.5,2024,11,4.16
16.5,74.5,2024,12,4.9
16.5,74.75,2023,1,0.01
16.5,74.75,2023,2,0.0
16.5,74.75,2023,3,0.5800000000000001
16.5,74.75,2023,4,22.310000000000002
16.5,74.75,2023,5,31.240000000000002
16.5,74.75,2023,6,42.5
16.5,74.75,2023,7,214.53
16.5,74.75,2023,8,44.14
16.5,74.75,2023,9,102.77
16.5,74.75,2023,10,21.49
16.5,74.75,2023,11,38.28
16.5,74.75,2023,12,2.41
16.5,74.75,2024,1,1.01
16.5,74.75,2024,2,0.02
16.5,74.75,2024,3,0.25
16.5,74.75,2024,4,16.090000000000003
16.5,74.75,2024,5,56.230000000000004
16.5,74.75,2024,6,169.64000000000001
16.5,74.75,2024,7,300.66
16.5,74.75,2024,8,152.06
16.5,74.75,2024,9,172.98
16.5,74.75,2024,10,158.41
16.5,74.75,2024,11,2.1
16.5,74.75,2024,12,5.26
16.5,75.0,2023,1,0.01
16.5,75.0,2023,2,0.0
16.5,75.0,2023,3,0.5800000000000001
16.5,75.0,2023,4,22.310000000000002
16.5,75.0,2023,5,31.240000000000002
16.5,75.0,2023,6,42.5
16.5,75.0,2023,7,214.53
16.5,75.0,2023,8,44.14
16.5,75.0,2023,9,102.77
16.5,75.0,2023,10,21.49
16.5,75.0,2023,11,38.28
16.5,75.0,2023,12,2.41
16.5,75.0,2024,1,1.01
16.5,75.0,2024,2,0.02
16.5,75.0,2024,3,0.25
16.5,75.0,2024,4,16.090000000000003
16.5,75.0,2024,5,56.230000000000004
16.5,75.0,2024,6,169.64000000000001
16.5,75.0,2024,7,300.66
16.5,75.0,2024,8,152.06
16.5,75.0,2024,9,172.98
16.5,75.0,2024,10,158.41
16.5,75.0,2024,11,2.1
16.5,75.0,2024,12,5.26
16.5,75.25,2023,1,0.01
16.5,75.25,2023,2,0.0
16.5,75.25,2023,3,0.5800000000000001
16.5,75.25,2023,4,22.310000000000002
16.5,75.25,2023,5,31.240000000000002
16.5,75.25,2023,6,42.5
16.5,75.25,2023,7,214.53
16.5,75.25,2023,8,44.14
16.5,75.25,2023,9,102.77
16.5,75.25,2023,10,21.49
16.5,75.25,2023,11,38.28
16.5,75.25,2023,12,2.41
16.5,75.25,2024,1,1.01
16.5,75.25,2024,2,0.02
16.5,75.25,2024,3,0.25
16.5,75.25,2024,4,16.090000000000003
16.5,75.25,2024,5,56.230000000000004
16.5,75.25,2024,6,169.64000000000001
16.5,75.25,2024,7,300.66
16.5,75.25,2024,8,152.06
16.5,75.25,2024,9,172.98
16.5,75.25,2024,10,158.41
16.5,75.25,2024,11,2.1
16.5,75.25,2024,12,5.26
16.5,75.5,2023,1,0.01
16.5,75.5,2023,2,0.0
16.5,75.5,2023,3,1.78
16.5,75.5,2023,4,44.79
16.5,75.5,2023,5,35.18
16.5,75.5,2023,6,22.36
16.5,75.5,2023,7,149.0
16.5,75.5,2023,8,37.72
16.5,75.5,2023,9,88.22
16.5,75.5,2023,10,19.73
16.5,75.5,2023,11,33.07
16.5,75.5,2023,12,1.5799999999999998
16.5,75.5,2024,1,0.54
16.5,75.5,2024,2,0.0
16.5,75.5,2024,3,0.32
16.5,75.5,2024,4,18.25
16.5,75.5,2024,5,50.74
16.5,75.5,2024,6,154.75
16.5,75.5,2024,7,143.49
16.5,75.5,2024,8,109.53
16.5,75.5,2024,9,141.12
16.5,75.5,2024,10,136.73
16.5,75.5,2024,11,1.25
16.5,75.5,2024,12,5.21
16.5,75.75,2023,1,0.01
16.5,75.75,2023,2,0.0
16.5,75.75,2023,3,1.78
16.5,75.75,2023,4,44.79
16.5,75.75,2023,5,35.18
16.5,75.75,2023,6,22.36
16.5,75.75,2023,7,149.0
16.5,75.75,2023,8,37.72
16.5,75.75,2023,9,88.22
16.5,75.75,2023,10,19.73
16.5,75.75,2023,11,33.07
16.5,75.75,2023,12,1.5799999999999998
16.5,75.75,2024,1,0.54
16.5,75.75,2024,2,0.0
16.5,75.75,2024,3,0.32
16.5,75.75,2024,4,18.25
16.5,75.75,2024,5,50.74
16.5,75.75,2024,6,154.75
16.5,75.75,2024,7,143.49
16.5,75.75,2024,8,109.53
16.5,75.75,2024,9,141.12
16.5,75.75,2024,10,136.73
16.5,75.75,2024,11,1.25
16.5,75.75,2024,12,5.21
16.5,76.0,2023,1,0.0
16.5,76.0,2023,2,0.0
16.5,76.0,2023,3,6.01
16.5,76.0,2023,4,83.22
16.5,76.0,2023,5,45.92
16.5,76.0,2023,6,18.37
16.5,76.0,2023,7,168.6
16.5,76.0,2023,8,32.02
16.5,76.0,2023,9,94.74
16.5,76.0,2023,10,14.23
16.5,76.0,2023,11,27.02
16.5,76.0,2023,12,1.08
16.5,76.0,2024,1,0.22999999999999998
16.5,76.0,2024,2,0.0
16.5,76.0,2024,3,0.51
16.5,76.0,2024,4,20.36
16.5,76.0,2024,5,56.6
16.5,76.0,2024,6,165.15
16.5,76.0,2024,7,109.59
16.5,76.0,2024,8,119.01
16.5,76.0,2024,9,143.54
16.5,76.0,2024,10,118.43
16.5,76.0,2024,11,1.02
16.5,76.0,2024,12,5.71
